{
    "best_params": {
        "max_features": 10000,
        "ngram_range": [
            1,
            2
        ],
        "C": 1.0
    },
    "best_val_accuracy": 0.7941176470588235,
    "best_val_f1_macro": 0.8230904846257459
}