{
    "test_accuracy": 0.8431372549019608,
    "test_f1_macro": 0.8329347513980218
}